enum_name,value,member_name,comment
CAN_MSG_TYPE,16,VP44_FUEL_TEMP,VP44 fuel temperature message
CAN_MSG_TYPE,17,ALTERNATIVE_MSG,Alternative message handler
CAN_MSG_TYPE,19,THIRD_MSG,Third message handler
CAN_MSG_TYPE,255,ERROR_DEFAULT,Error/default case message
PARAM_BLOCK_SIZE,256,BLOCK_MULTIPLIER,Parameter block size multiplier
PARAM_VALIDATION,32000,SAFETY_LIMIT,Maximum allowed parameter value
PARAM_VALIDATION,65535,BLOCK_LIMIT,Block validation limit (Block × 65535)
RPM_SCALING,1,RPM_DIRECT,Direct RPM value (no scaling)
RPM_SCALING,2,RPM_HALF,RPM divided by 2
RPM_SCALING,4,RPM_QUARTER,RPM divided by 4 (lsll #2)
INTERPOLATION_FACTORS,3,SCALE_FACTOR,Base interpolation scaling
INTERPOLATION_FACTORS,8,SHIFT_BITS,Bit shift amount for scaling
INTERPOLATION_FACTORS,256,WORD_MULTIPLIER,Word-size multiplication factor
VP44_SENSOR_OFFSETS,112,FUEL_TEMP_OFFSET,Fuel temperature sensor offset
VP44_SENSOR_OFFSETS,6,BYTE_OFFSET,Data byte position in VP44 message
EEPROM_MEMORY_BLOCKS,9,PRIMARY_BLOCK,Main parameter memory block (PTESLOLM etc.)
EEPROM_MEMORY_BLOCKS,0,DATA_PLATE_BLOCK,Data plate identifier block
PARAM_SHIFT_OPERATIONS,8,BLOCK_SHIFT,Block×256 calculation (lsll #8)
PARAM_SHIFT_OPERATIONS,2,DWORD_SHIFT,32-bit addressing (lsll #2)
PARAM_ACCESS_FUNCTIONS,1,LOOKUP_1,param_lookup_1 function (0xd632)
PARAM_ACCESS_FUNCTIONS,2,LOOKUP_2,param_lookup_2 function (0xd69c)
PARAM_ACCESS_FUNCTIONS,3,LOOKUP_3,param_lookup_3 function (0xd756)
CAN_PARAM_BUILDERS,1,ENGINE_BUILDER,engineParamCanBuilder function (0x2a418)
CAN_PARAM_BUILDERS,2,CONFIG_BUILDER,configParamCanBuilder function (0x2a57e)
CAN_BUFFER_OFFSETS,0x36,STATUS_BYTE,CAN message status byte offset
CAN_BUFFER_OFFSETS,0x37,PARAM_BYTE_1,First parameter byte offset
CAN_BUFFER_OFFSETS,0x38,PARAM_BYTE_2,Second parameter byte offset
CAN_BUFFER_OFFSETS,0x39,PARAM_BYTE_3,Third parameter byte offset
PARAM_CAN_FLOW,1,EEPROM_TO_TABLE,EEPROM parameter → memory table
PARAM_CAN_FLOW,2,TABLE_TO_BUFFER,Memory table → CAN buffer
PARAM_CAN_FLOW,3,BUFFER_TO_NETWORK,CAN buffer → J1939 transmission
THROTTLE_PARAMS,1,FSMXTHFL,Fueling value at 100% throttle (param_lookup_3)
THROTTLE_PARAMS,2,ASTHRFES,ASG reference speed based on throttle position (param_lookup_2)
THROTTLE_PARAMS,3,JCTHKCTD,JCOMM throttle kickdown threshold (param_lookup_3)
J1939_THROTTLE_ENABLE,1,TorqueSpeedControlReceiveEnable_JCCNRXFT,TSC1 message reception enable (0x07F00400)
J1939_THROTTLE_ENABLE,2,JC39ENFG,J1939 message enable flags table
J1939_THROTTLE_ENABLE,3,AS01CF,ASG throttle mode compensation filter coef. 1
J1939_THROTTLE_ENABLE,4,AS02CF,ASG throttle mode compensation filter coef. 2
J1939_THROTTLE_ENABLE,5,AS03CF,ASG throttle mode compensation filter coef. 3
J1939_CRUISE_CONTROL_ENABLE,1,CruiseControlReceiveEnable_JCCNRXFT,CCVS message reception filter (0x07F0FEF1)
J1939_CRUISE_CONTROL_ENABLE,2,CruiseControlMessageEnable_JCCCBCEA,Enable cruise control/vehicle speed message processing
J1939_CRUISE_CONTROL_ENABLE,3,SpeedControlStatus_JCRPGVSS,Speed control status (1=SPEED_CONTROL_MODE 0=NORMAL)
J1939_CRUISE_CONTROL_ENABLE,4,SpeedControlBrakingInteraction_JCRDTXEA,Enable speed control/engine braking interaction
EFILIVE_COMPATIBILITY,1,MultiDimensionalTableSupport,5-stage table interpolation system confirmed
EFILIVE_COMPATIBILITY,2,StructuredParameterSystem,EEPROM → Tables → CAN flow
EFILIVE_COMPATIBILITY,3,TimingTableSupport_4DTBTA,4D timing base table advance parameter
EFILIVE_COMPATIBILITY,4,FuelMappingIntegration,Integration with throttle/parameter systems
J1939_DIAGNOSTIC_PROTOCOL,1,CalTermCommunication,CalTerm parameter read/write via J1939
J1939_DIAGNOSTIC_PROTOCOL,2,InsiteCommunication,Insite live data monitoring via J1939
J1939_DIAGNOSTIC_PROTOCOL,3,DiagnosticMessageDispatcher,Routes diagnostic requests by message type
J1939_DIAGNOSTIC_PROTOCOL,4,ParameterRequestHandler,Processes EEPROM parameter read requests
J1939_DIAGNOSTIC_PROTOCOL,5,ParameterResponseBuilder,Formats parameter values for J1939 response
DIAGNOSTIC_MESSAGE_TYPES,16,VP44Handler,VP44 pump communication handler
DIAGNOSTIC_MESSAGE_TYPES,17,ParameterRequestHandler,Alternative handler for parameter requests
DIAGNOSTIC_MESSAGE_TYPES,19,StatusRequestHandler,Third handler for status/diagnostic requests
DIAGNOSTIC_MESSAGE_TYPES,255,ErrorDefaultHandler,Error/default case handler
PARAMETER_SYSTEM_MODES,1,ActiveParameterRead,Active EEPROM parameter reading mode
PARAMETER_SYSTEM_MODES,2,ActiveParameterRead,Active EEPROM parameter reading mode (alternate)
PARAMETER_SYSTEM_MODES,11,CachedParameterRead,Cached parameter value retrieval
PARAMETER_SYSTEM_MODES,12,SpecialParameterHandling,Special parameter processing mode